framewise_displacement	trans_x	trans_y	trans_z	rot_x	rot_y	rot_z	eddy_stdevs	original_file	grad_x	grad_y	grad_z	bval	image_mean	series_b0_mean	series_b0_correction	DWIDenoise_pre	DWIDenoise_post	DWIDenoise_change
n/a	0.0	0.0	0.0	0.0	-0.0	0.0	0.0	sub-01_dwi.nii.gz	0.0	0.0	0.0	0.0	119.91949900013482	119.6546819508779	1.0	119.9024378631661	119.91949900013482	0.0130468547262161
0.32361988492800003	0.03012596679	-0.05038352042	0.004294202068	0.002428249456	0.001033466659	0.001314607798	-79.14514199999999	sub-01_dwi.nii.gz	1.0	0.0	-0.001	1000.0	39.68248013552366	119.6546819508779	1.0	39.69964059842687	39.68248013552366	0.0723850504545036
0.2826675308520001	0.02155744059	-0.2228399858	0.04235052084	0.001785357483	0.0009570844704	0.0007621575496	-78.52940400000001	sub-01_dwi.nii.gz	0.0	1.0	-0.001	1000.0	39.1162448034564	119.6546819508779	1.0	39.12516276041666	39.1162448034564	0.0732881887775432
0.32160120374	0.02329639989	0.03233198746	0.05881655117	0.001899659866	0.001238531549	0.001330892905	-70.739562	sub-01_dwi.nii.gz	-0.0262255	0.64828	-0.760951	1000.0	39.598229450313056	119.6546819508779	1.0	39.61144881129536	39.598229450313056	0.0726012926406283
0.36908876421	0.087360062	-0.01255178196	-0.02772988725	0.004029436037	0.0004285158648	0.001862998935	-68.200319	sub-01_dwi.nii.gz	-0.591194	0.76658	0.250688	1000.0	39.32417844802306	119.6546819508779	1.0	39.33017113095238	39.32417844802306	0.0738553688242375
0.18597706581999995	0.1052318349	-0.04616035322	-0.01983908741	0.005646683741	0.0006535288412	0.002552856691	-41.84331879999999	sub-01_dwi.nii.gz	0.236698	0.52487	0.81761	1000.0	39.25333114739604	119.6546819508779	1.0	39.26000478316327	39.25333114739604	0.0736100683169245
0.140630500287	0.09770014361	0.006037801667	-0.01390782548	0.005245512351	0.0006055001286	0.003603044432	-77.17743560000001	sub-01_dwi.nii.gz	0.893569	0.259084	0.366619	1000.0	39.50493051799644	119.6546819508779	1.0	39.50567779195011	39.50493051799644	0.0734398097843605
0.1947855998206	0.1033206311	0.1236568278	0.0007407813976	0.005863974337	0.001007771702	0.003485828405	-80.002541	sub-01_dwi.nii.gz	0.795584	0.128883	-0.591976	1000.0	39.70210858559882	119.6546819508779	1.0	39.703635425524375	39.70210858559882	0.0730210277277206
0.2313931661126	0.1241630303	-0.03905951879	-0.006156324925	0.006105761509	0.00107889995	0.003991659265	-75.17602600000001	sub-01_dwi.nii.gz	0.234334	0.929515	-0.284762	1000.0	39.33366388592765	119.6546819508779	1.0	39.333134034863946	39.33366388592765	0.0737406958950673
0.37301923023500005	0.113228732	0.1984108899	-0.03454916087	0.0066738436	0.001679818146	0.004747092724	-76.5100729	sub-01_dwi.nii.gz	0.935337	0.140106	-0.32483	1000.0	39.6590921784315	119.6546819508779	1.0	39.659880553784014	39.6590921784315	0.0732046567203996
0.37231354227	0.1016243103	-0.09200481708	-0.05674494976	0.006592980586	0.001407274394	0.004138546996	-74.80187989999999	sub-01_dwi.nii.gz	-0.505451	0.844674	-0.176198	1000.0	39.39128689323365	119.6546819508779	1.0	39.38793557787698	39.39128689323365	0.0739875350471571
0.14229434435	0.1136724633	-0.04326045856	-0.04750767766	0.006365635432	0.0005111407954	0.004460359458	-82.242996	sub-01_dwi.nii.gz	-0.345964	0.846989	-0.403631	1000.0	39.555318997966445	119.6546819508779	1.0	39.55599290497449	39.555318997966445	0.0735259656900911
0.17528061569000003	0.1381381209	0.04647449573	-0.06924135158	0.006182311568	0.0001780970488	0.004730918445	-72.70220300000001	sub-01_dwi.nii.gz	-0.456257	0.630385	-0.628047	1000.0	39.76105450911333	119.6546819508779	1.0	39.76080751310941	39.76105450911333	0.07321821844457
0.12677184726150004	0.1414311568	0.02457617831	-0.08853965266999998	0.007003399078	-2.957078323e-05	0.00534780696	-58.81568635	sub-01_dwi.nii.gz	0.487335	0.389497	0.781535	1000.0	39.46607957981897	119.6546819508779	1.0	39.46966012967687	39.46607957981897	0.0734721120351536
0.2018217499085	0.1480110663	-0.1138901754	-0.07352150902	0.006834364496	-0.0005956939422	0.00524781784	-64.17558389999999	sub-01_dwi.nii.gz	-0.617407	0.672574	-0.407987	1000.0	39.671656258808014	119.6546819508779	1.0	39.66925976119615	39.671656258808014	0.0735577480987388
0.41495333965	0.1493402845	0.1814833792	-0.0154032249	0.007423548494	-0.0005020658136	0.005767651368	-51.54241950000001	sub-01_dwi.nii.gz	0.576483	0.104994	-0.810335	1000.0	39.68629667464941	119.6546819508779	1.0	39.69164872980442	39.68629667464941	0.0731772700132655
0.27688102361199995	0.1629625016	-0.006121339042	-0.01689453949	0.00703851087	-0.0006267959252	0.006741139106	-49.8788341	sub-01_dwi.nii.gz	0.826806	0.521146	0.211655	1000.0	39.325813675177855	119.6546819508779	1.0	39.32279819479875	39.325813675177855	0.0737878333832586
0.15684031660699999	0.1626631542	0.02003263152	-0.06842964552	0.007744933013	-0.0009455862455000002	0.006189313717	-44.571698600000005	sub-01_dwi.nii.gz	-0.893078	0.0402237	-0.4481	1000.0	39.71804052136473	119.6546819508779	1.0	39.72160550418084	39.71804052136473	0.0733001673415188
0.09507087439999996	0.1537078607	-0.04067808565	-0.06662934449	0.007845534943	-0.0008193681714999999	0.005944042467	-52.4408615	sub-01_dwi.nii.gz	-0.28949	0.540823	-0.789751	1000.0	39.768035721892936	119.6546819508779	1.0	39.76670121173469	39.768035721892936	0.073214142520154
0.07431583244000003	0.1521315653	-0.05839694455	-0.07808808736	0.007641586941	-0.0007002208731	0.006492185872	-57.2158421	sub-01_dwi.nii.gz	-0.116285	0.962231	-0.24615	1000.0	39.31985851577676	119.6546819508779	1.0	39.31990504535148	39.31985851577676	0.0741644643718694
0.09020499695000003	0.1582491406	-0.05325614585	-0.1016696642	0.00843937695	-0.0005914840149	0.006291411817	-50.952551	sub-01_dwi.nii.gz	-0.800763	0.403433	0.442742	1000.0	39.4907907794374	119.6546819508779	1.0	39.49198709431689	39.4907907794374	0.0739825002848502
0.23895597816000008	0.1499693923	-0.170958581	-0.05681691208	0.008269747718999998	-0.0009792101337	0.007096477319	-20.4907023	sub-01_dwi.nii.gz	0.513766	0.839898	-0.174974	1000.0	39.214404011388986	119.6546819508779	1.0	39.21139367205216	39.214404011388986	0.0740332480531188
0.27747454761500007	0.1572133887	-0.01496195992	-0.1007948765	0.009026761167	-0.001055493252	0.006524654571	-46.8234347	sub-01_dwi.nii.gz	-0.789217	0.153306	0.594671	1000.0	39.66522144197575	119.6546819508779	1.0	39.669941804846935	39.66522144197575	0.0732390423701685
0.26708444189	0.1597392678	-0.2113995506	-0.1397527511	0.008646230213	-0.0009901416488000002	0.006662033964	-53.469360099999996	sub-01_dwi.nii.gz	-0.9496	0.232912	0.209788	1000.0	39.803414271313954	119.6546819508779	1.0	39.8069406799178	39.803414271313954	0.0731642475340045
0.18277111034	0.1391468947	-0.1188294636	-0.1100705763	0.008439093828	-0.000466803991	0.00673008943	-38.873096399999994	sub-01_dwi.nii.gz	0.232481	0.782074	-0.578198	1000.0	39.46547751051321	119.6546819508779	1.0	39.46334458262472	39.46547751051321	0.0736694379227423
0.46489558577000006	0.1498602404	0.2078037601	-0.1350487026	0.01013712771	-0.0004071419826	0.006436367519	-27.4905429	sub-01_dwi.nii.gz	0.0213123	0.187791	-0.981978	1000.0	39.781884715563	119.6546819508779	1.0	39.79061592084751	39.781884715563	0.0731559564528433
0.38429299746	0.160860489	-0.08232765324	-0.1129230733	0.009663114324	-0.000695685565	0.006894524675	-24.46810452	sub-01_dwi.nii.gz	-0.216782	0.955951	0.197899	1000.0	39.13920682166773	119.6546819508779	1.0	39.13679404053288	39.13920682166773	0.074571262445412
0.08064214056499998	0.1643233536	-0.03655268803	-0.113525773	0.01009006053	-0.0008332424330999999	0.006842995528	-34.20449567	sub-01_dwi.nii.gz	-0.774164	0.604148	0.188878	1000.0	39.55849237818277	119.6546819508779	1.0	39.55115880987812	39.55849237818277	0.0737425954545856
0.30598310995	0.1421800214	0.08734674559999998	-0.1316021614	0.01216061972	-0.0002662958577	0.007042768877	-25.9186201	sub-01_dwi.nii.gz	-0.160331	0.355469	-0.920834	1000.0	39.82035201377182	119.6546819508779	1.0	39.8228657348356	39.82035201377182	0.0734606906805537
0.29755136413500005	0.1807378694	-0.04028797333	-0.1189353506	0.0134444274	-0.0005050017498	0.007894095033	21.8043318	sub-01_dwi.nii.gz	-0.147707	0.73191	0.6652	1000.0	39.22094509952028	119.6546819508779	1.0	39.21623662485828	39.22094509952028	0.0744927659837896
0.20420448444500003	0.1630814518	0.06648453088	-0.1088173918	0.01300866064	-0.0003938990121	0.008740377612	2.8067750000000005	sub-01_dwi.nii.gz	0.888001	0.416605	-0.194667	1000.0	39.53839824801164	119.6546819508779	1.0	39.53486505279195	39.53839824801164	0.0736707777658539
0.240765507578	0.1678121215	-0.06935646714	-0.1242250241	0.01349840779	-8.331602293999998e-05	0.0078449836	-2.156161732	sub-01_dwi.nii.gz	-0.562541	0.232286	0.793468	1000.0	39.60365458486897	119.6546819508779	1.0	39.60511111996882	39.60365458486897	0.0736390757081828
0.104137341622	0.1555729485	-0.02126362518	-0.1269337518	0.01406280976	6.23127853e-05	0.007956884801	-3.04918463	sub-01_dwi.nii.gz	-0.380021	0.142786	-0.913891	1000.0	39.63323047124084	119.6546819508779	1.0	39.63158459998583	39.63323047124084	0.0738048769133127
0.19750072757000003	0.1532153636	0.1492481282	-0.1240961983	0.01408459153	0.0004652802891	0.007945757358999998	3.88784644	sub-01_dwi.nii.gz	0.30526	0.199154	-0.931211	1000.0	39.80322530026687	119.6546819508779	1.0	39.80471518034297	39.80322530026687	0.0734085139415382
0.21868054462700007	0.1712029699	0.005124360823	-0.1227447298	0.01421351731	1.77340371e-05	0.008473639376	-2.8885780000000003	sub-01_dwi.nii.gz	0.332657	0.129893	0.934059	1000.0	39.61354727968267	119.6546819508779	1.0	39.61866784474206	39.61354727968267	0.0735551594906619
0.19000845102799996	0.144754502	-0.02193700771	-0.125148931	0.01342012547	0.001193550765	0.009186319076	-3.5175973299999996	sub-01_dwi.nii.gz	0.963395	0.264696	0.0425013	1000.0	39.63244995913472	119.6546819508779	1.0	39.63524394132653	39.63244995913472	0.0736274235426837
0.10570752738	0.1444159508	0.01742356277	-0.1394136133	0.01338561345	0.001580258249	0.008572664112	1.2504442900000008	sub-01_dwi.nii.gz	-0.959161	0.205135	-0.194755	1000.0	39.75835381697955	119.6546819508779	1.0	39.75526480123299	39.75835381697955	0.0731716404202581
0.22335443282000003	0.1648635072	-0.127002907	-0.1155862936	0.01371668652	0.001525123604	0.008879518136	14.947656099999998	sub-01_dwi.nii.gz	-0.453201	0.888938	0.0663179	1000.0	39.21648109451891	119.6546819508779	1.0	39.20863670989229	39.21648109451891	0.0744601695682604
0.24344139057999992	0.1780116147	0.03723378353	-0.1196619023	0.01464622281	0.001506831031	0.00917130895	19.218006369999998	sub-01_dwi.nii.gz	-0.772941	0.628184	-0.0891407	1000.0	39.50337978663655	119.6546819508779	1.0	39.4996589781746	39.50337978663655	0.0738605137614636
0.68837588947	0.1342126705	0.2034201742	-0.2436020512	0.01831432991	0.004074438475	0.01002460252	37.5507736	sub-01_dwi.nii.gz	0.708672	0.407562	-0.575914	1000.0	39.48276343451952	119.6546819508779	1.0	39.4854456756661	39.48276343451952	0.0735956843858964
0.09923185210000009	0.1160516246	0.2396127045	-0.2425556568	0.01891424879	0.003948021214	0.009874301031	35.3515966	sub-01_dwi.nii.gz	-0.691921	0.0240049	-0.721574	1000.0	39.74684265881879	119.6546819508779	1.0	39.75524044253118	39.74684265881879	0.0731707708558769
0.41708363691000006	0.1383345023	0.03971488794	-0.2180503092	0.01713811979	0.003194360062	0.01075246278	32.867723479999995	sub-01_dwi.nii.gz	0.682116	0.529116	0.504732	1000.0	39.31434887260805	119.6546819508779	1.0	39.30629185267857	39.31434887260805	0.0740413479285909
0.20602818531000008	0.1549206354	-0.08457433356999998	-0.2374875764	0.01745408215	0.002971441252	0.01037703268	45.27162064	sub-01_dwi.nii.gz	0.141758	0.725978	0.672949	1000.0	39.08759148938773	119.6546819508779	1.0	39.083819400155896	39.08759148938773	0.0744412541546281
0.1571018291000001	0.1572075785	-0.01729354802	-0.2678142796	0.01693520509	0.002658090787	0.01006511226	27.1249174	sub-01_dwi.nii.gz	-0.739497	0.387735	-0.550278	1000.0	39.77920012006601	119.6546819508779	1.0	39.7749433106576	39.77920012006601	0.0731131869147865
0.11634657871999993	0.1536340022	0.01739494615	-0.2404540464	0.01652709208	0.002999415388	0.01033016015	35.05363079999999	sub-01_dwi.nii.gz	-0.103262	0.821392	-0.560939	1000.0	39.5738337799539	119.6546819508779	1.0	39.57271736819728	39.5738337799539	0.0735939423243078
0.25329863239	0.1773467125	-0.01834077909	-0.2947985709	0.01865335554	0.003518463345	0.01047496218	31.0261661	sub-01_dwi.nii.gz	-0.584347	0.596483	0.550224	1000.0	39.34443207259518	119.6546819508779	1.0	39.33993121988379	39.34443207259518	0.0739382599874247
0.20074887638	0.1690689629	-0.09172203452	-0.3150871543	0.02002743818	0.003151712706	0.01071015466	25.5009923	sub-01_dwi.nii.gz	0.0876035	0.335634	0.93791	1000.0	39.4402045927278	119.6546819508779	1.0	39.443339445153065	39.4402045927278	0.0738392886621786
0.10811838678000003	0.1771482577	-0.1080154766	-0.2860287194	0.02039819211	0.003119369736	0.01140080206	66.3340235	sub-01_dwi.nii.gz	0.552571	0.792758	0.257296	1000.0	39.15290053535598	119.6546819508779	1.0	39.14517121952948	39.15290053535598	0.0744998397193095
0.2551526611699999	0.1834568571	0.04021118762	-0.3089780983	0.02087789588	0.002491209423	0.01095530577	42.32519709	sub-01_dwi.nii.gz	-0.837954	0.457826	-0.297034	1000.0	39.54578690972407	119.6546819508779	1.0	39.54759690334467	39.54578690972407	0.0736348047745597
0.4435665916280001	0.2293585618	0.008174347642	-0.4064715313	0.02487482689	0.002264895244	0.01209475286	38.249641600000004	sub-01_dwi.nii.gz	-0.363771	0.561835	0.742976	1000.0	39.32673599727998	119.6546819508779	1.0	39.32362971230159	39.32673599727998	0.0740784593684397
0.34911403680200004	0.2530389639	0.00813194299	-0.4759960746	0.02901985869	0.002012236509	0.01281439606	38.8155964	sub-01_dwi.nii.gz	-0.184508	0.392653	0.900989	1000.0	39.308163505749285	119.6546819508779	1.0	39.3068465667517	39.308163505749285	0.0740251702868583
0.35389092881	0.2636970441	0.139958347	-0.4666009297	0.03109526262	0.001315651345	0.01408263296	52.981905235	sub-01_dwi.nii.gz	0.72108	0.692815	0.0070663	1000.0	39.06254633324331	119.6546819508779	1.0	39.06020363874717	39.06254633324331	0.0740497280972226
0.31968136284999993	0.2746796036	0.2761831432	-0.5294905634	0.03285619244	0.001517786994	0.01431125496	52.1034984	sub-01_dwi.nii.gz	0.433694	0.682478	0.588331	1000.0	39.03945764362463	119.6546819508779	1.0	39.04016971371882	39.03945764362463	0.0742131631694782
0.2393838691	0.2648203339	0.2350605999	-0.4710870817	0.03080674261	0.001773854252	0.01401680056	57.73592400000001	sub-01_dwi.nii.gz	0.501709	0.689717	-0.522091	1000.0	39.40819968983054	119.6546819508779	1.0	39.40799607603458	39.40819968983054	0.0732594626956382
0.26517570780000016	0.265211481	0.4128369241	-0.4950767826	0.0314459689	0.00138377375	0.01378573664	68.6041148	sub-01_dwi.nii.gz	0.170371	0.508412	-0.844092	1000.0	39.64956318130326	119.6546819508779	1.0	39.655483808106574	39.64956318130326	0.0727541678023925
0.11978323539999985	0.2863491757	0.4182171784	-0.5244988827	0.03229029849	0.001266454114	0.01410095114	53.46950220000001	sub-01_dwi.nii.gz	0.462255	0.422663	-0.779536	1000.0	39.5685470788275	119.6546819508779	1.0	39.57647968041383	39.5685470788275	0.0728248121975809
0.3449671322499999	0.3089604405	0.1848704872	-0.5521657234	0.03342145681	0.001257765223	0.01401395164	57.39002336	sub-01_dwi.nii.gz	-0.385254	0.809777	0.442538	1000.0	39.10676683912126	119.6546819508779	1.0	39.10976031037415	39.10676683912126	0.0739808878251898
0.22548595130000013	0.306422337	0.2810769556	-0.5494624829	0.03473480418	0.001067454345	0.01499105617	54.027946199999995	sub-01_dwi.nii.gz	0.71375	0.247176	0.655335	1000.0	39.35837038311156	119.6546819508779	1.0	39.36177322491496	39.35837038311156	0.0732346433497037
0.23444117670000003	0.3227185062	0.1192782246	-0.5517719328	0.03558808193	0.001291080727	0.01499488857	63.33196669	sub-01_dwi.nii.gz	0.260078	0.885224	0.385666	1000.0	38.88377075324964	119.6546819508779	1.0	38.88133658411281	38.88377075324964	0.0741288691864159
0.2802212088	0.3723825949	0.2379953366	-0.5975893722	0.03579045832	0.002293387661	0.01511065662	53.777630740000006	sub-01_dwi.nii.gz	0.00100001	0.077467	0.996994	1000.0	39.49066921410123	119.6546819508779	1.0	39.50486177543935	39.49066921410123	0.0729681429363112
0.34547649811999986	0.370722902	-0.01557353312	-0.5685283811	0.03537677228	0.001694117323	0.01489987411	65.08919983000001	sub-01_dwi.nii.gz	-0.0367094	0.902512	0.429097	1000.0	38.98552231754823	119.6546819508779	1.0	38.9864222381661	38.98552231754823	0.0739376005639939
0.6654688386749996	0.3672440302	0.4059204089	-0.6106784865	0.03800774738	0.0006443452439	0.01518604532	70.31295109999999	sub-01_dwi.nii.gz	-0.569516	0.303065	-0.76407	1000.0	39.726650243458536	119.6546819508779	1.0	39.73577783978175	39.726650243458536	0.0712582310380791
0.29520668361850017	0.3962307504	0.2769999394	-0.6170495851	0.03951191157	-7.464126247e-05	0.01558146253	70.5601387	sub-01_dwi.nii.gz	-0.282444	0.144905	0.948276	1000.0	39.49748667275804	119.6546819508779	1.0	39.5105893920068	39.49748667275804	0.0719815530197365
0.2160117411064998	0.4213515876	0.2907429795	-0.5922178224	0.04019242525	-0.0008380085346	0.0171839036	78.16965367	sub-01_dwi.nii.gz	0.720655	0.607664	-0.333767	1000.0	39.26902523471025	119.6546819508779	1.0	39.28380655647676	39.26902523471025	0.072310545256642
0.35983767108500003	0.4659560198	0.4535679754	-0.6330007534	0.04135043174	-0.0004091742449	0.01782956906	94.30044860000001	sub-01_dwi.nii.gz	0.266817	0.960137	0.0833406	1000.0	38.832026651500286	119.6546819508779	1.0	38.85870624291383	38.832026651500286	0.0724959697947172
0.484166672195	0.3678311224	0.6131598784	-0.6606748281	0.03934556246	0.001192430267	0.01819861121	0.0	sub-01_dwi.nii.gz	0.0	0.0	0.0	0.0	119.63033045208596	119.6546819508779	1.0	119.62029212726758	119.63033045208596	0.0201623178409789
0.5401930970500001	0.2801306078	0.3510125154	-0.6904065433	0.03966302052	0.003517906182	0.0176292751	0.0	sub-01_dwi.nii.gz	0.0	0.0	0.0	0.0	119.5494648421066	119.6546819508779	1.0	119.54241182149944	119.5494648421066	0.022082423275639
0.10371026229999993	0.272604774	0.304880018	-0.6962127009	0.04016471654	0.003301343182	0.01779593155	0.0	sub-01_dwi.nii.gz	0.0	0.0	0.0	0.0	119.68190938299506	119.6546819508779	1.0	119.6723333864796	119.68190938299506	0.0222992227685317
0.11279531619999993	0.2679235088	0.2709504125	-0.6568707443	0.03986722603	0.003015271854	0.01768264361	0.0	sub-01_dwi.nii.gz	0.0	0.0	0.0	0.0	119.55365387495392	119.6546819508779	1.0	119.5462926055839	119.55365387495392	0.0232664396005559
0.13569006134999995	0.2977581976	0.2420505004	-0.6701918789	0.03944141418	0.002210718347	0.01764032245	0.0	sub-01_dwi.nii.gz	0.0	0.0	0.0	0.0	119.58041668244265	119.6546819508779	1.0	119.57159686791384	119.58041668244265	0.0232660344116605
0.12768634485000005	0.3340409882	0.2558412776	-0.6525788253	0.03935693204	0.001273705158	0.01781882159	0.0	sub-01_dwi.nii.gz	0.0	0.0	0.0	0.0	119.6511078551153	119.6546819508779	1.0	119.64143326601474	119.6511078551153	0.022968632358566
0.1356001361199999	0.3166858724	0.3085785558	-0.6521104117	0.04026325047	0.0009383219876	0.01787790656	0.0	sub-01_dwi.nii.gz	0.0	0.0	0.0	0.0	119.67107351718904	119.6546819508779	1.0	119.6581732302296	119.67107351718904	0.0232612918599854
